name,website,note,url
"Sukhy Hullait, United Kingdom",https://www.sukhyhullait.com/,"Winner, Portraiture, Open competition 2023",https://www.worldphoto.org/team-profile/sukhy-hullait-united-kingdom
"Massimo Giovannini, Italy",https://www.massimogiovannini.com/,"2019 Sony World Photography Awards - 2nd Place, Portraiture, Professional Competition",https://www.worldphoto.org/team-profile/massimo-giovannini-italy
"Antonio Gibotta, Italy",http://vhttps://ag.antoniogibotta.com/,"2018 Sony World Photography Awards - 2nd Place, Discovery, Professional Competition",https://www.worldphoto.org/team-profile/antonio-gibotta-italy
"Paul Gisbrecht, Germany",https://www.hasselblad.com/inspiration/masters/2014/paul-gisbrecht/,"2011 Sony World Photography Awards - Winner, Conceptual, Professional Competition",https://www.worldphoto.org/team-profile/paul-gisbrecht-germany
"Ralph Gräf, Germany",https://graef-photography.de/,"2017 Sony World Photography Awards - Winner, Travel, Open Competition",https://www.worldphoto.org/team-profile/ralph-gr%C3%A4f-germany
"Jan Grarup, Denmark",https://jangrarup.photoshelter.com/,"Sony World Photography Awards 2022 - Winner, Documentary Projects, Professional Competition",https://www.worldphoto.org/team-profile/jan-grarup-denmark
"Sebastian Gil Miranda, Argentina",http://www.sebastiangilmiranda.com/,"2015 Sony World Photography Awards - Winner, Campaign, Professional Competition",https://www.worldphoto.org/team-profile/sebastian-gil-miranda-argentina
"Markus van Hauten, Germany",https://www.van-hauten.eu/,"2016 Sony World Photography Awards - Category Winner, Panoramic, Open Competition",https://www.worldphoto.org/team-profile/markus-van-hauten-germany
"Alessandro Grassani, Italy",https://www.alessandrograssani.com/,"2019 Sony World Photography Awards - Winner, Sport, Professional Competition",https://www.worldphoto.org/team-profile/alessandro-grassani-italy
"Arup Ghosh, India",http://www.arupghosh.in/,2008 Sony World Photography Awards - Open Photographer of the Year,https://www.worldphoto.org/team-profile/arup-ghosh-india
"Andrea Gjestvang, Norway ",http://andreagjestvang.com,"2013 Sony World Photography Awards - Iris d'Or and Winner, People, Professional Competition",https://www.worldphoto.org/team-profile/andrea-gjestvang-norway
"Yasen Georgiev, Bulgaria",https://www.georgievphoto.com/,"2015 Sony World Photography Awards - Category Winner, Travel, Open Competition",https://www.worldphoto.org/team-profile/yasen-georgiev-bulgaria
"Manuel Geerinck, United States",http://manuelgeerinck.com,"2012 Sony World Photography Awards - Winner, Conceptual, Professional Competition",https://www.worldphoto.org/team-profile/manuel-geerinck-united-states
"Stephan Zirwes, Germany",https://stephanzirwes.com,"2019 Sony World Photography Awards - Winner, Architecture, Professional Competition",https://www.worldphoto.org/team-profile/stephan-zirwes-germany
"Gianmaria Gava, Italy",http://www.gianmariagava.com,"2018 Sony World Photography Awards - Winner, Architecture, Professional Competition",https://www.worldphoto.org/team-profile/gianmaria-gava-italy
"Mohammad Golchin, Iran",,"2010 Sony World Photography Awards - Winner, Music, Professional Competition",https://www.worldphoto.org/team-profile/mohammad-golchin-iran
"David Zimmerman, United States",http://davidzimmerman.com,"2009 Sony World Photography Awards - Iris d'Or and Winner, Fine Art, Professional Competition",https://www.worldphoto.org/team-profile/david-zimmerman-united-states
"Kata Zih, Hungary",https://www.catatonyphoto.com/,"2021 Sony World Photography Awards - Category Winner, Object, Open Competition",https://www.worldphoto.org/team-profile/kata-zih-hungary
"Michelle Daiana Gentile, Argentina",https://www.michellegentilef.com/,2017 Sony World Photography Awards - Student Focus Winner,https://www.worldphoto.org/team-profile/michelle-daiana-gentile-argentina
"Hui Zhang, China Mainland",,"2016 Sony World Photography Awards - 2nd Place, Architecture, Professional Competition",https://www.worldphoto.org/team-profile/hui-zhang-china-mainland
"Boyuan Zhang, China Mainland",http://zhangboyuan.net/,"2019 Sony World Photography Awards - 2nd Place, Discovery, Professional Competition",https://www.worldphoto.org/team-profile/boyuan-zhang-china-mainland
"Filip Wolak, Poland",https://www.filipwolak.com/,"2016 Sony World Photography Awards - Category Winner, Architecture, Open Competition",https://www.worldphoto.org/team-profile/filip-wolak-poland
"Youqiong Zhang, China Mainland",,"2020 Sony World Photography Awards - 3rd Place, Documentary, Professional Competition",https://www.worldphoto.org/team-profile/youqiong-zhang-china-mainland
"Justyna Zdunczyk, Poland",https://justynazdunczyk.photoshelter.com/index,"2018 Sony World Photography Awards - Category Winner, Wildlife, Open Competition",https://www.worldphoto.org/team-profile/justyna-zdunczyk-poland
"Yiming Zhang, China Mainland",https://www.yimingzhangart.com/,"2019 Sony World Photography Awards - 2nd Place, Still Life, Professional Competition",https://www.worldphoto.org/team-profile/yiming-zhang-china-mainland
Homepage,,The Sony World Photography Awards closes in January - enter for free now! ,https://www.worldphoto.org/
"Pavel Wolberg, Israel/Russian Federation",https://pavelwolbergimages.com/,"2011 Sony World Photography Awards - Winner, Sport, Professional Competition",https://www.worldphoto.org/team-profile/pavel-wolberg-israelrussian-federation
"Natalia Wiernik, Poland",https://gupmagazine.com/interview/theres-only-ambiguity-an-interview-with-natalia-wiernik/,2013 Sony World Photography Awards - Student Focus Winner,https://www.worldphoto.org/team-profile/natalia-wiernik-poland
"Alain Willaume, France",http://tendancefloue.net/alainwillaume/bio/,"2011 Sony World Photography Awards - Winner, Portraiture, Professional Competition",https://www.worldphoto.org/team-profile/alain-willaume-france
"Vanessa Winship, United Kingdom",http://vanessawinship.com,"2008 Sony World Photography Awards - Iris d'Or and Winner, Portraiture, Professional Competition",https://www.worldphoto.org/team-profile/vanessa-winship-united-kingdom
"Amiran White, United Kingdom",https://www.amiranphoto.com/,"2009 Sony World Photography Awards - Winner, Music, Professional Competition",https://www.worldphoto.org/team-profile/amiran-white-united-kingdom
"Mario Wezel, Germany",https://www.mariowezel.com/,"2014 Sony World Photography Awards - Winner, People, Professional Competition",https://www.worldphoto.org/team-profile/mario-wezel-germany
"Zelle Westfall, United States",https://zellewestfall.portfoliobox.net/,2019 Sony World Photography Awards - Youth Photographer of the Year,https://www.worldphoto.org/team-profile/zelle-westfall-united-states
"Scott Wilson, United Kingdom",https://www.wilsonaxpe.com/,2022 Sony World Photography Awards - Open Photographer of the Year,https://www.worldphoto.org/team-profile/scott-wilson-united-kingdom
"Luke Watson, United Kingdom",https://www.lukewatsonphotography.com/,"2020 Sony World Photography Awards - 3rd Place, Creative, Professional Competition",https://www.worldphoto.org/team-profile/luke-watson-united-kingdom
"Donald Weber, Canada",http://donaldweber.com/,"2015 Sony World Photography Awards - Winner, Still Life, Professional Competition",https://www.worldphoto.org/team-profile/donald-weber-canada
"Antoine Weis, Switzerland",https://www.instagram.com/tunewitsch_birds/,"2015 Sony World Photography Awards - Category Winner, Nature & Wildlife, Open Competition",https://www.worldphoto.org/team-profile/antoine-weis-switzerland
"Jonathan Walland, United Kingdom",https://www.instagram.com/jon_walland/?hl=en,"2020 Sony World Photography Awards - 2nd Place, Architecture, Professional Competition",https://www.worldphoto.org/team-profile/jonathan-walland-united-kingdom
"Julian Abram Wainwright, Canada",https://www.wainwrightphotographics.com/,"2009 Sony World Photography Awards - Winner, Sport, Professional Competition",https://www.worldphoto.org/team-profile/julian-abram-wainwright-canada
"Katelyn Wang, United States",https://www.katelyn-wang.com/,2017 Sony World Photography Awards - Youth Photographer of the Year,https://www.worldphoto.org/team-profile/katelyn-wang-united-states
"Tomáš Vocelka, Czech Republic",https://www.tomasvocelka.cz/,"2021 Sony World Photography Awards - Winner, Architecture & Design, Professional Competition",https://www.worldphoto.org/team-profile/tom%C3%A1%C5%A1-vocelka-czech-republic
"Irina Werning, Argentina",https://irinawerning.com/,"2012 Sony World Photography Awards - Winner, Portraiture, Professional Competition",https://www.worldphoto.org/team-profile/irina-werning-argentina
"Alexander Vinogradov, Russian Federation",https://alexandervinogradov.com/,2017 Sony World Photography Awards - Open Photographer of the Year,https://www.worldphoto.org/team-profile/alexander-vinogradov-russian-federation
"Nicol Vizioli, Italy",http://www.nicolvizioli.com,2011 Sony World Photography Awards - Student Focus Winner,https://www.worldphoto.org/team-profile/nicol-vizioli-italy
"Roman Vondrouš, Czech Republic",http://www.romanvondrous.cz/,"2022 Sony World Photography Awards - 3nd Place, Sport, Professional Competition",https://www.worldphoto.org/team-profile/roman-vondrou%C5%A1-czech-republic
"Christian Vizl, Mexico",https://www.christianvizl.com/,"2019 Sony World Photography Awards - 2nd Place, Natural World & Wildlife, Professional Competition",https://www.worldphoto.org/team-profile/christian-vizl-mexico
"Sergi Villanueva, Spain",https://www.sergivillanueva.com/,2019 Sony World Photography Awards - Student Photographer of the Year,https://www.worldphoto.org/team-profile/sergi-villanueva-spain
"Ami Vitale, United States",https://www.amivitale.com/,"2017 Sony World Photography Awards - 2nd Place, Natural World, Professional Competition",https://www.worldphoto.org/team-profile/ami-vitale-united-states
"Max Vere-Hodge, United kingdom",https://www.maxverehodge.com/,"Winner, Travel, Open competition 2023",https://www.worldphoto.org/team-profile/max-vere-hodge-united-kingdom
"Tuomas Uusheimo, Finland",http://www.uusheimo.com/,"2019 Sony World Photography Awards - 2nd Place, Architecture, Professional Competition",https://www.worldphoto.org/team-profile/tuomas-uusheimo-finland
"Antoine Veling, Australia",https://antoinecaptured.com/,"2020 Sony World Photography Awards - Category Winner, Culture, Open Competition",https://www.worldphoto.org/team-profile/antoine-veling-australia
"Michael van den Bogaard, Germany",http://www.vandenbogaard.de/,"2009 Sony World Photography Awards - Winner, Architecture, Professional Competition",https://www.worldphoto.org/team-profile/michael-van-den-bogaard-germany
"F.Dilek Uyar, Turkey",https://www.dilekuyar.com/,"2021 Sony World Photography Awards - Category Winner, Street Photography, Open Competition",https://www.worldphoto.org/team-profile/fdilek-uyar-turkey
"Laetitia Vançon, France",https://www.vanconlaetitia.com/,"2019 Sony World Photography Awards - 3rd Place, Portraiture, Professional Competition",https://www.worldphoto.org/team-profile/laetitia-van%C3%A7on-france
"Richard Frishman, United States",https://www.frishphoto.com/,"2018 Sony World Photography Awards - Category Winner, Still Life, Open Competition",https://www.worldphoto.org/team-profile/richard-frishman-united-states
,,The Sony World Photography Awards closes in January - enter for free now! ,https://www.worldphoto.org/blog
"Raphaël Neal, United Kingdom",http://www.raphaelneal.com/,"2022 Sony World Photography Awards - 2nd Place Creative, Professional Competition",https://www.worldphoto.org/team-profile/rapha%C3%ABl-neal-united-kingdom
"Julia Fullerton-Batten, United Kingdom",https://juliafullerton-batten.com/,"2021 Sony World Photography Awards - 2nd Place, Portraiture, Professional Competition",https://www.worldphoto.org/team-profile/julia-fullerton-batten-united-kingdom
"Richard Ansett, United Kingdom",http://richardansett.com/,"2019 Sony World Photography Awards - Category Winner, Portraiture, Open Competition",https://www.worldphoto.org/team-profile/richard-ansett-united-kingdom
"Robin Utrecht, Netherlands",http://www.royalsbyrobin.com/,"2008 Sony World Photography Awards - Winner, Sport, Professional Competition",https://www.worldphoto.org/team-profile/robin-utrecht-netherlands
"Antony Crossfield, United Kingdom",https://antonycrossfield.com/,"2015 Sony World Photography Awards - Category Winner, Enhanced, Open Competition",https://www.worldphoto.org/team-profile/antony-crossfield-united-kingdom
"Kohei Ueno, Japan",https://www.koheiueno.com/,"2019 Sony World Photography Awards - 2nd Place, Sport, Professional Competition",https://www.worldphoto.org/team-profile/kohei-ueno-japan
"Alexander Ingle, United Kingdom",https://www.alexingle.com/,"2016 Sony World Photography Awards - Category Winner, Smile, Open Competition",https://www.worldphoto.org/team-profile/alexander-ingle-united-kingdom
"Angelos Tzortzinis, Greece",https://www.angelos-tzortzinis.com/,"2016 Sony World Photography Awards - Winner, Current Affairs, Professional Competition",https://www.worldphoto.org/team-profile/angelos-tzortzinis-greece
"Tim Cornbill, United Kingdom",https://timcornbillphotography.com/,"2017 Sony World Photography Awards - Winner, Architecture, Open Competition",https://www.worldphoto.org/team-profile/tim-cornbill-united-kingdom
"Scott Typaldos, Switzerland",https://www.scotttypaldos.com/,"2015 Sony World Photography Awards - Winner, Contemporary Issues, Professional Competition",https://www.worldphoto.org/team-profile/scott-typaldos-switzerland
"Lorenzo Tugnoli, Italy",https://www.lorenzotugnoli.com/,"2021 Sony World Photography Awards - 3rd Place, Documentary Projects, Professional Competition",https://www.worldphoto.org/team-profile/lorenzo-tugnoli-italy
"Mariano Belmar Torrecilla, Spain",https://www.facebook.com/mariano.belmartorrecilla,"2021 Sony World Photography Awards - Category Winner, Lifestyle, Open Competition",https://www.worldphoto.org/team-profile/mariano-belmar-torrecilla-spain
"Giovanni Troilo, Italy",http://www.giovannitroilo.com/,"2015 Sony World Photography Awards - Winner, People, Professional Competition",https://www.worldphoto.org/team-profile/giovanni-troilo-italy
"Simone Tramonte, Italy",https://www.simonetramonte.it/,"2021 Sony World Photography Awards - Winner, Environment, Professional Competition",https://www.worldphoto.org/team-profile/simone-tramonte-italy
"Kurt Tong, United Kingdom",https://www.kurttong.co.uk/,"2017 Sony World Photography Awards - 2nd Place, Landscape, Professional Competition",https://www.worldphoto.org/team-profile/kurt-tong-united-kingdom
"Alfio Tommasini, Switzerland",http://www.alfiotommasini.com/,"2018 Sony World Photography Awards - 3rd Place, Contemporary Issues, Professional Competition",https://www.worldphoto.org/team-profile/alfio-tommasini-switzerland
"Klaus Thymann, Denmark",https://www.klausthymann.com/,"2013 Sony World Photography Awards - Winner, Fashion & Beauty, Professional Competition",https://www.worldphoto.org/team-profile/klaus-thymann-denmark
"Helen Thompson, United Kingdom",,"2012 Sony World Photography Awards - Winner, Still Life, Professional Competition",https://www.worldphoto.org/team-profile/helen-thompson-united-kingdom
"Alys Tomlinson, United Kingdom",http://www.alystomlinson.co.uk/,"2018 Sony World Photography Awards - Photographer of the Year and Winner, Discover, Professional Competition",https://www.worldphoto.org/team-profile/alys-tomlinson-united-kingdom
"Gali Tibbon, Israel",http://www.galitibbon.com/,"2013 Sony World Photography Awards - Winner, Travel, Professional Competition",https://www.worldphoto.org/team-profile/gali-tibbon-israel
"Edward Thompson, United Kingdom",https://edwardthompson.co.uk/,"2019 Sony World Photography Awards - 3rd Place, Brief, Professional Competition",https://www.worldphoto.org/team-profile/edward-thompson-united-kingdom
"Nguyen Phuc Thanh, Vietnam",https://nguyenphucthanh.vn/,"2022 Sony World Photography Awards - Category Winner, Travel, Open Competition",https://www.worldphoto.org/team-profile/nguyen-phuc-thanh-vietnam
"Rodrigo Terrén, Argentina",https://www.rodrigoterren.com.ar/,2010 Sony World Photography Awards - Student Focus Winner,https://www.worldphoto.org/team-profile/rodrigo-terre%CC%81n-argentina
"Ricardo Teles, Brazil",https://www.ricardoteles.com.br/,"2012 Sony World Photography Awards - Winner, Sport, Professional Competition",https://www.worldphoto.org/team-profile/ricardo-teles-brazil
"Hiroshi Tanita, Japan",https://www.hiroshitanita.com/,"2017 Sony World Photography Awards - Winner, Nature, Open Competition",https://www.worldphoto.org/team-profile/hiroshi-tanita-japan
"Luis Tato, Spain",http://www.luistatophoto.com/,"2021 Sony World Photography Awards - Winner, Wildlife & Nature, Professional Competition",https://www.worldphoto.org/team-profile/luis-tato-spain
"George Tatakis, Greece",https://www.tatakis.com/,"2022 Sony World Photography Awards - 2nd Place, Portraiture, Professional Competition",https://www.worldphoto.org/team-profile/george-tatakis-greece
"Martin Stranka, Czech Republic",https://www.martinstranka.com/,"2019 Sony World Photography Awards - Category Winner, Creative, Open Competition",https://www.worldphoto.org/team-profile/martin-stranka-czech-republic
"Rahul Talukder, Bangladesh",https://www.instagram.com/rahultalukder/,"2015 Sony World Photography Awards - Winner, Conceptual, Professional Competition",https://www.worldphoto.org/team-profile/rahul-talukder-bangladesh
"Christina Stohn, Germany ",https://www.christinastohn.com/,"2019 Sony World Photography Awards - 2nd Place, Brief, Professional Competition",https://www.worldphoto.org/team-profile/christina-stohn-germany
"Andrej Tarfila, Slovenia",http://andrejtarfila.com/,"2016 Sony World Photography Awards - Category Winner, Travel, Open Competition",https://www.worldphoto.org/team-profile/andrej-tarfila-slovenia
"Brent Stirton, South Africa",http://www.brentstirton.com/,"2022 Sony World Photography Awards - 3rd Place, Portraiture, Professional Competition",https://www.worldphoto.org/team-profile/brent-stirton-south-africa
"Andrea Staccioli, Italy",https://www.insidefoto.com/,"2020 Sony World Photography Awards - 3rd Place, Sport, Professional Competition",https://www.worldphoto.org/team-profile/andrea-staccioli-italy
"Constantinos Sofikitis, Greece",https://www.csofikitis.com/,"2017 Sony World Photography Awards - Winner, Street Photography, Open Competition",https://www.worldphoto.org/team-profile/constantinos-sofikitis-greece
"Etienne Souchon, France",https://www.instagram.com/etsionpartait,"2022 Sony World Photography Awards - Category Winner, Street Photography, Open Competition",https://www.worldphoto.org/team-profile/etienne-souchon-france
"Alnis Stakle, Latvia",https://alnisstakle.com/,"2022 Sony World Photography Awards - Winner, Creative, Professional Competition",https://www.worldphoto.org/team-profile/alnis-stakle-latvia
"Panos Skordas-Takis, Greece",https://pskordas.wixsite.com/panos-skordas-1,"2018 Sony World Photography Awards - Category Winner, Culture, Open Competition",https://www.worldphoto.org/team-profile/panos-skordas-takis-greece
"Antonio Pérez, Spain",,"2021 Sony World Photography Awards - 3rd Place, Environment, Professional Competition",https://www.worldphoto.org/team-profile/antonio-p%C3%A9rez-spain
"Stephanie Sinclair, United States",https://stephaniesinclair.com/,"2016 Sony World Photography Awards - 3rd Place, Daily Life, Professional Competition",https://www.worldphoto.org/team-profile/stephanie-sinclair-united-states
"Li Song, China Mainland",,"2017 Sony World Photography Awards - 2nd Place, Contemporary Issues, Professional Competition ",https://www.worldphoto.org/team-profile/li-song-china-mainland
"Christina Simons, Iceland",http://www.christinasimons.com/,"2017 Sony World Photography Awards - 2nd Place, Daily Life, Professional Competition",https://www.worldphoto.org/team-profile/christina-simons-iceland
"Saja Seus, Germany",https://www.sajaseus.com/, ,https://www.worldphoto.org/team-profile/saja-seus-germany
"Vitali Seitz, Germany",,2010 Sony World Photography Awards - Open Photographer of the Year,https://www.worldphoto.org/team-profile/vitali-seitz-germany
"Fyodor Savintsev, Russian Federation",https://boosty.to/fsavintsev,"2021 Sony World Photography Awards - 3rd Place, Landscape, Professional Competition",https://www.worldphoto.org/team-profile/fyodor-savintsev-russian-federation
"Kirstin Schmitt, Germany",http://www.sailorsyarn.com,"2016 Sony World Photography Awards - Winner, Candid, Professional Competition",https://www.worldphoto.org/team-profile/kirstin-schmitt-germany
"Moises Saman, United States",https://www.magnumphotos.com/photographer/moises-saman/,"2008 Sony World Photography Awards - Winner, Photojournalism, Professional Competition",https://www.worldphoto.org/team-profile/moises-saman-united-states
"Philippe Sarfati, France",https://phsarfati.com/,"2019 Sony World Photography Awards - Category Winner, Architecture, Open Competition",https://www.worldphoto.org/team-profile/philippe-sarfati-france
"Holger Schmidtke, Germany",https://beta.1x.com/hosch,"2014 Sony World Photography Awards - Category Winner, Architecture, Open Competition",https://www.worldphoto.org/team-profile/holger-schmidtke-germany
"Leah Schretenthaler, United States",https://www.leahschretenthaler.com/,"2019 Sony World Photography Awards - 2nd Place, Creative, Professional Competition",https://www.worldphoto.org/team-profile/leah-schretenthaler-united-states
"Nenad Šaljić, Croatia",https://www.nenadsaljic.com/,"2013 Sony World Photography Awards - Winner, Landscape, Professional Competition",https://www.worldphoto.org/team-profile/nenad-%C5%A1alji%C4%87-croatia
"Isabel Salmon, United Kingdom",https://www.isabelsalmon.com/,"2022 Sony World Photography Awards - Category Winner, Creative, Open Competition",https://www.worldphoto.org/team-profile/isabel-salmon-united-kingdom
"Samsul Said, Malaysia",http://samsulsaid.com/,"2018 Sony World Photography Awards - Winner, Current Affairs, Professional Competition",https://www.worldphoto.org/team-profile/samsul-said-malaysia
"Rubén Salgado Escudero, Spain",https://www.rubensalgado.com/,"2016 Sony World Photography Awards - 3rd Place, Portraiture, Professional Competition",https://www.worldphoto.org/team-profile/rub%C3%A9n-salgado-escudero-spain
"Ioanna Sakellaraki, Greece",https://ioannasakellaraki.com/,2020 Sony World Photography Awards - Student Photographer of the Year,https://www.worldphoto.org/team-profile/ioanna-sakellaraki-greece
"Sasha Bauer, Russian Federation",https://sashabauer.com/en,"2021 Sony World Photography Awards - 3rd Place, Creative, Professional Competition",https://www.worldphoto.org/team-profile/sasha-bauer-russian-federation
"Juan López Ruiz, Spain",https://jlopezruiz.com/,"2021 Sony World Photography Awards - Category Winner, Landscape, Open Competition",https://www.worldphoto.org/team-profile/juan-l%C3%B3pez-ruiz-spain
"Lyudmila Sabanina, Russian Federation",https://www.instagram.com/sabanina_lu,"2021 Sony World Photography Awards - Category Winner, Portraiture, Open Competition",https://www.worldphoto.org/team-profile/lyudmila-sabanina-russian-federation
"Sergey Dibtsev, Russian Federation",http://sergeydibtsev.com,"2017 Sony World Photography Awards - Winner, Still Life, Open Competition",https://www.worldphoto.org/team-profile/sergey-dibtsev-russian-federation
"Florian Ruiz, France",https://florianruiz.photoshelter.com/,"2020 Sony World Photography Awards - 2nd Place, Landscape, Professional Competition",https://www.worldphoto.org/team-profile/florian-ruiz-france
"Alessio Romenzi, Italy",https://alessioromenzi.photoshelter.com/,"2017 Sony World Photography Awards - Winner, Current Affairs & News, Professional Competition",https://www.worldphoto.org/team-profile/alessio-romenzi-italy
"Andrea Rossato, Italy",,"2016 Sony World Photography Awards - 3rd Place, Candid, Professional Competition",https://www.worldphoto.org/team-profile/andrea-rossato-italy
"Fabian Ritter, Germany",http://www.dockscollective.com,"2022 Sony World Photography Awards - 2nd Place, Documentary Projects, Professional Competition",https://www.worldphoto.org/team-profile/fabian-ritter-germany
"Dione Roach, Italy",https://www.dioneroach.com/,"2020 Sony World Photogrpahy Awards - 2nd Place, Creative, Professional Competition",https://www.worldphoto.org/team-profile/dione-roach-italy
"José De Rocco, Argentina",https://www.instagram.com/josederocco/?hl=en,"2020 Sony World Photography Awards - 3rd Place, Architecture, Professional Competition",https://www.worldphoto.org/team-profile/jos%C3%A9-de-rocco-argentina
"Paloma Rincon, Spain",https://palomarincon.com/,"2021 Sony World Photography Awards - 3rd Place, Still Life, Professional Competition",https://www.worldphoto.org/team-profile/paloma-rincon-spain
"Jorge Reynal, Argentina",https://www.instagram.com/jorge_reynal_photo/,"2020 Sony World Photography Awards - Category Winner, Still Life, Open Competition",https://www.worldphoto.org/team-profile/jorge-reynal-argentina
"Andrius Repšys, Lithuania",http://www.likelithuania.lt/,"2022 Sony World Photography Awards - 2nd Place, Landscape, Professional Competition",https://www.worldphoto.org/team-profile/andrius-rep%C5%A1ys-lithuania
"Romina Ressia, Argentina",https://www.rominaressiaph.com/,"2017 Sony World Photography Awards - 2nd Place, Portraiture, Professional Competition",https://www.worldphoto.org/team-profile/romina-ressia-argentina
"Denis Rouvre, France",https://www.rouvre.com/,"2020 Sony World Photography Awards - 2nd Place, Portraiture, Professional Competition",https://www.worldphoto.org/team-profile/denis-rouvre-france
"Antoine Repessé, France",https://www.antoinerepesse.com/,"2016 Sony World Photography Awards - 3rd Place, Campaign, Professional Competition",https://www.worldphoto.org/team-profile/antoine-repess%C3%A9-france
"Robert Zhao Renhui, Singapore",http://criticalzoologists.org/main.html,"2011 Sony World Photography Awards - Winner, Still Life, Professional Competition",https://www.worldphoto.org/team-profile/robert-zhao-renhui-singapore
"Rohan Reilly, Ireland",https://www.rohanreilly.com/,"2018 Sony World Photography Awards - 2nd Place, Landscape, Professional Competition",https://www.worldphoto.org/team-profile/rohan-reilly-ireland
"Roselena	Ramistella, Italy",http://www.roselenaramistella.com/,"2018 Sony World Photography Awards - Winner, Natural World & Wildlife, Professional Competition",https://www.worldphoto.org/team-profile/roselena-ramistella-italy
"Graeme Purdy, United Kingdom",https://purdy.photography/,"2021 Sony World Photography Awards - 2nd Place, Wildlife & Nature, Professional Competition",https://www.worldphoto.org/team-profile/graeme-purdy-united-kingdom
"Milan Radisics, Hungary",https://milan.hu/,"2022 Sony World Photography Awards - Winner, Wildlife & Nature, Professional Competition",https://www.worldphoto.org/team-profile/milan-radisics-hungary
"Espen Rasmussen, Norway",https://www.espenrasmussen.com/,"2016 Sony World Photography Awards - Winner, Daily Life, Professional Competition",https://www.worldphoto.org/team-profile/espen-rasmussen-norway
"Norman Quinn, United Kingdom",https://www.naquinnphotography.com/,"2015 Sony World Photography Awards - Category Winner, Panoramic, Open Competition",https://www.worldphoto.org/team-profile/norman-quinn-united-kingdom
"Roman Pyatkovka, Ukraine",https://www.pyatkovka.com,"2013 Sony World Photography Awards - Winner, Conceptual, Professional Competition",https://www.worldphoto.org/team-profile/roman-pyatkovka-ukraine
"Ivor Prickett, Ireland",https://www.ivorprickett.com/,"2017 Sony World Photography Awards - 3rd Place, Current Affairs & News, Professional Competition",https://www.worldphoto.org/team-profile/ivor-prickett-ireland
"Joe Raedle, United States",https://www.instagram.com/jraedle/?hl=en,"2017 Sony World Photography Awards - 2nd Place, Current Affairs & News, Professional Competition",https://www.worldphoto.org/team-profile/joe-raedle-united-states
"Valerie Prudon, France",https://www.valerieprudon.com/,"2014 Sony World Photography Awards - Category Winner, Arts & Culture, Open Competition",https://www.worldphoto.org/team-profile/valerie-prudon-france
"Yan Wang Preston, United Kingdom",https://www.yanwangpreston.com/,"2019 Sony World Photography Awards - Winner, Landscape, Professional Competition",https://www.worldphoto.org/team-profile/yan-wang-preston-united-kingdom
"Alessandro Pollio, Italy",https://alessandropollio.studio/,"2021 Sony World Photography Awards - 2nd Place, Still Life, Professional Competition",https://www.worldphoto.org/team-profile/alessandro-pollio-italy
"Lorenzo Poli, Italy",https://www.lorenzopoli.photography/,"2022 Sony World Photography Awards - Winner, Landscape, Professional Competition",https://www.worldphoto.org/team-profile/lorenzo-poli-italy
"Andreas Pohl, Germany",https://andreaspohl.photography/,"2018 Sony World Photography Awards - Category Winner, Architecture, Open Competition",https://www.worldphoto.org/team-profile/andreas-pohl-germany
"Adam Pretty, Australia",http://www.adampretty.com/,"2022 Sony World Photography Awards - 2nd Place, Sport, Professional Competition",https://www.worldphoto.org/team-profile/adam-pretty-australia
"Jean-Marc Caimi & Valentina Piccinni, Italy",https://www.caimipiccinni.com/,"2019 Sony World Photography Awards - Winner, Discovery, Professional Competition",https://www.worldphoto.org/team-profile/jean-marc-caimi-valentina-piccinni-italy
"Ilya Pitalev, Russian Federation",https://www.facebook.com/Ilyapit,"2013 Sony World Photography Awards - Winner, Current Affairs, Professional Competition",https://www.worldphoto.org/team-profile/ilya-pitalev-russian-federation
"Viviana Peretti, Italy",http://www.vivianaperetti.com/,"2014 Sony World Photography Awards - Winner, Arts & Culture, Professional Competition",https://www.worldphoto.org/team-profile/viviana-peretti-italy
"Yuan Peng, China Mainland",https://www.facebook.com/yp369,"2017 Sony World Photography Awards - Winner, Sport, Professional Competition",https://www.worldphoto.org/team-profile/yuan-peng-china-mainland
"Gao Peng, China Mainland",https://artand.cn/gaopeng,"2017 Sony World Photography Awards - 3rd Place, Conceptual, Professional Competition",https://www.worldphoto.org/team-profile/gao-peng-china-mainland
"Khánh Phan, Vietnam",https://www.instagram.com/ptkhanhhvnh,"2021 Sony World Photography Awards - Category Winner, Travel, Open Competition",https://www.worldphoto.org/team-profile/kh%C3%A1nh-phan-vietnam
"Cristo Pihlamäe, Estonia",https://www.facebook.com/CPP1988/,"2021 Sony World Photography Awards - Category Winner, Natural World & Wildlife, Open Competition",https://www.worldphoto.org/team-profile/cristo-pihlam%C3%A4e-estonia
"Maria Petrenko, Ukraine",https://www.instagram.com/petrenko.maria/?hl=en,"2018 Sony World Photography Awards - 3rd Place, Discovery, Professional Competition",https://www.worldphoto.org/team-profile/maria-petrenko-ukraine
"Paolo Pellegrini, Italy",https://www.magnumphotos.com/photographer/paolo-pellegrin/,"2010 Sony World Photography Awards - Winner, Arts & Entertainment, Professional Competition",https://www.worldphoto.org/team-profile/paolo-pellegrini-italy
"Carole Pariat, France",https://www.carole-pariat.com/,"2019 Sony World Photography Awards - Category Winner, Travel, Open Competition",https://www.worldphoto.org/team-profile/carole-pariat-france
"Rasmus Flindt Pedersen, Denmark",https://www.flindtpedersen.com/,"2018 Sony World Photography Awards - 3rd Place, Current Affairs, Professional Competition",https://www.worldphoto.org/team-profile/rasmus-flindt-pedersen-denmark
"Pere Pascual, Spain",http://www.perepascual.com/,"2010 Sony World Photography Awards - Winner, Natural History, Professional Competition",https://www.worldphoto.org/team-profile/pere-pascual-spain
"Laura Pannack, United Kingdom",https://laurapannack.com/,"2021 Sony World Photography Awards - Winner, Portfolio, Professional Competition",https://www.worldphoto.org/team-profile/laura-pannack-united-kingdom
"Tom Oldham, United Kingdom",http://www.tomoldham.com/,2020 Sony World Photography Awards - Open Photographer of the Year,https://www.worldphoto.org/team-profile/tom-oldham-united-kingdom
"Jason O'brien, Australia",https://www.jasonobrienpix.com/,"2017 Sony World Photography Awards - 3rd Place, Sport, Professional Competition",https://www.worldphoto.org/team-profile/jason-obrien-australia
"Sabrina Pantano, Italy",https://www.instagram.com/sabrina_pantano/,"2020 Sony World Photography Awards - Category Winner, Architecture, Open Competition",https://www.worldphoto.org/team-profile/sabrina-pantano-italy
"Maela Ohana, France",https://www.maelaohana.com/,"2019 Sony World Photography Awards - 3rd Place, Natural World & Wildlife, Professional Competition",https://www.worldphoto.org/team-profile/maela-ohana-france
"Isabela Pacini, Brazil/Germany",https://www.isabelapacini.de/,"2008 Sony World Photography Awards - Winner, Fashion, Professional Competition",https://www.worldphoto.org/team-profile/isabela-pacini-brazilgermany
"Tomasz Padlo, Poland",https://www.tomaszpadlo.com/,"2018 Sony World Photography Awards - 3rd Place, Landscape, Professional Competition",https://www.worldphoto.org/team-profile/tomasz-padlo-poland
"Cletus Nelson Nwadike, Sweden",https://www.cletusnwadike.se/,"2022 Sony World Photography Awards - 2nd Place, Still Life, Professional Competition",https://www.worldphoto.org/team-profile/cletus-nelson-nwadike-sweden
"Simon Norfolk, United Kingdom",https://www.simonnorfolk.com/,"2015 Sony World Photography Awards - Winner, Landscape, Professional Competition",https://www.worldphoto.org/team-profile/simon-norfolk-united-kingdom
"Raido Nurk, Estonia",https://raidonurk.com/,"2022 Sony World Photography Awards - Category Winner, Motion, Open Competition",https://www.worldphoto.org/team-profile/raido-nurk-estonia
"Michael Nichols, United States",https://michaelnicknichols.com/,"2014 Sony World Photography Awards - Winner, Nature & Wildlife, Professional Competition",https://www.worldphoto.org/team-profile/michael-nichols-united-states
"Thomas Nielsen, Denmark",https://thomasnielsen.dk/,"2019 Sony World Photography Awards - 3rd Place, Sport, Professional Competition",https://www.worldphoto.org/team-profile/thomas-nielsen-denmark
"Kei Nomiyama, Japan",https://keinomiayma.smugmug.com/,2016 Sony World Photography Awards - Open Photographer of the Year,https://www.worldphoto.org/team-profile/kei-nomiyama-japan
"Dong Ni, China Mainland",https://dongni-2017.kuaizhan.com/,"2017 Sony World Photography Awards - Winner, Architecture, Professional Competition",https://www.worldphoto.org/team-profile/dong-ni-china-mainland
"Nick Ng, Malaysia",https://nickng.zenfolio.com/about.html,"2016 Sony World Photography Awards - 2nd Place, Candid, Professional Competition",https://www.worldphoto.org/team-profile/nick-ng-malaysia
"Tri Nguyen, Vietnam",https://ngoctri.myportfolio.com/,2022 Sony World Photography Awards - Youth Photographer of the Year,https://www.worldphoto.org/team-profile/tri-nguyen-vietnam
"Sara Naomi Lewkowicz, United States",https://www.saranaomiphoto.com/,"2014 Sony World Photography Awards - Iris d'Or and Winner, Contemporary Issues, Professional Competition",https://www.worldphoto.org/team-profile/sara-naomi-lewkowicz-united-states
"Anna Neubauer, Austria",https://www.anna-neubauer.com/,"2022 Sony World Photography Awards - 3rd Place, Portfolio, Professional Competition",https://www.worldphoto.org/team-profile/anna-neubauer-austria
"Beatriz Mota da Rocha, Portugal",https://www.worldphoto.org/blogs/04-01-17/interview-beatriz-mota-da-rocha,2015 Sony World Photography Awards - Youth Photographer of the Year,https://www.worldphoto.org/team-profile/beatriz-mota-da-rocha-portugal
"Hoang Hiep Nguyen, Vietnam",https://www.theglobalartcompany.com/collections/hoang-hiep,2013 Sony World Photography Awards - Open Photographer of the Year,https://www.worldphoto.org/team-profile/hoang-hiep-nguyen-vietnam
"Spencer Murphy, United Kingdom",https://spencermurphy.co.uk,"2014 Sony World Photography Awards - Winner, Campaign, Professional Competition",https://www.worldphoto.org/team-profile/spencer-murphy-united-kingdom
"John Moore, United States",http://reportagebygettyimages.com/john-moore,"2015 Sony World Photography Awards - Iris D'Or and Winner, Current Affairs, Professional Competition",https://www.worldphoto.org/team-profile/john-moore-united-states
"Asef Ali Mohammad, United Kingdom",https://www.instagram.com/asefalimohammad/,2012 Sony World Photography Awards - Student Focus Winner,https://www.worldphoto.org/team-profile/asef-ali-mohammad-united-kingdom
"Andreas Mikonauschke, Germany",https://www.instagram.com/mikonaut_bnw,"Winner, Street Photography, Open competition 2023",https://www.worldphoto.org/team-profile/andreas-mikonauschke-germany
"Adalbert Mojrzisch, Germany",https://www.instagram.com/a_d__i,"2023 Sony World Photography Awards - 2nd Place, Wildlife & Nature, Professional Competition",https://www.worldphoto.org/team-profile/adalbert-mojrzisch-germany
"Pedro Diaz Molins, Spain",http://www.pedrodiazmolins.com/,"2016 Sony World Photography Awards - Category Winner, Enhanced, Open Competition",https://www.worldphoto.org/team-profile/pedro-diaz-molins-spain
"Paulina Metzscher, Germany",http://paulinametzscher.com,2014 Sony World Photography Awards - Youth Photographer of the Year,https://www.worldphoto.org/team-profile/paulina-metzscher-germany
"Alessandra Meniconzi, Switzerland",https://www.alessandrameniconzi.com/,"2017 Sony World Photography Awards - Winner, Wildlife, Open Competition",https://www.worldphoto.org/team-profile/alessandra-meniconzi-switzerland
"Leonardo Reyes-González, Mexico",https://www.enrojo-foto.com/,"2022 Sony World Photography Awards - Category Winner, Object, Open Competition",https://www.worldphoto.org/team-profile/leonardo-reyes-gonz%C3%A1lez-mexico
"Margaret Mitchell, United Kingdom",https://margaretmitchell.co.uk/,"2018 Sony World Photography Awards - 2nd Place, Contemporary Issues, Professional Competition",https://www.worldphoto.org/team-profile/margaret-mitchell-united-kingdom
"Alexandre Meneghini, Brazil",https://www.alexandremeneghini.com/,"2016 Sony World Photography Awards - Category Winner, People, Open Competition",https://www.worldphoto.org/team-profile/alexandre-meneghini-brazil
"Santiago Mesa, Colombia",https://santiagomesa.com/,"2020 Sony World Photography Awards - Category Winner, Street Photography, Open Competition",https://www.worldphoto.org/team-profile/santiago-mesa-colombia
"Myriam Meloni, Italy",http://www.myriammeloni.com/,"2014 Sony World Photography Awards - Winner, Lifestyle, Professional Competition",https://www.worldphoto.org/team-profile/myriam-meloni-italy
"Eduard Meltzer, Switzerland",https://eduardmeltzer.com/,"2008 Sony World Photography Awards - Winner, Music, Professional Competition",https://www.worldphoto.org/team-profile/eduard-meltzer-switzerland
"Patrick Meinhardt, Spain",https://www.patrickmeinhardt.com/,"2021 Sony World Photography Awards - 2nd Place, Sport, Professional Competition",https://www.worldphoto.org/team-profile/patrick-meinhardt-spain
"Gideon Mendel, South Africa",https://gideonmendel.com/,"2022 Sony World Photography Awards - 2nd Place, Environment, Professional Competition",https://www.worldphoto.org/team-profile/gideon-mendel-south-africa
"Diego Mayon, Italy",https://www.diegomayon.com/,"2017 Sony World Photography Awards - 3rd Place, Architecture, Professional Competition",https://www.worldphoto.org/team-profile/diego-mayon-italy
"Craig McGowan, Australia",https://www.craigmcgowanphotography.com/,"2020 Sony World Photography Awards - Category Winner, Landscape, Open Competition",https://www.worldphoto.org/team-profile/craig-mcgowan-australia
"George Mayer, Russian Federation",http://georgemayerstudio.com/,"2017 Sony World Photography Awards - Winner, Portraiture, Professional Competition",https://www.worldphoto.org/team-profile/george-mayer-russian-federation
"Shinya Masuda, Japan",http://www.shinyamasuda.com/,"2017 Sony World Photography Awards - 2nd Place, Still Life, Professional Competition",https://www.worldphoto.org/team-profile/shinya-masuda-japan
"Win McNamee, United States",https://www.instagram.com/winmcnamee,"2022 Sony World Photography Awards - 3rd Place, Documentary Projects, Professional Competition",https://www.worldphoto.org/team-profile/win-mcnamee-united-states
"Julien Mauve, France",http://www.julienmauve.com/,"2016 Sony World Photography Awards - Winner, Conceptual, Professional Competition",https://www.worldphoto.org/team-profile/julien-mauve-france
"Jaime Massieu, Spain",http://jaimemassieu.com/,"2015 Sony World Photography Awards - Category Winner, Split Second, Open Competition",https://www.worldphoto.org/team-profile/jaime-massieu-spain
"Sasha Maslov, Ukraine",https://sashamaslov.com/,"2020 Sony World Photography Awards - 3rd Place, Portraiture, Professional Competition",https://www.worldphoto.org/team-profile/sasha-maslov-ukraine
"Marinka Masséus, Netherlands",https://marinkamasseus.com/,"2019 Sony World Photography Awards - Winner, Creative, Professional Competition",https://www.worldphoto.org/team-profile/marinka-mass%C3%A9us-netherlands
"Lisa Maree Williams, Australia",https://www.lisamareewilliams.com/,"2009 Sony World Photography Awards - Winner, Natural History, Professional Competition",https://www.worldphoto.org/team-profile/lisa-maree-williams-australia
"Edgar Martins, Portugal",http://www.edgarmartins.com/,"2018 Sony World Photography Awards - 2nd Place, Architecture, Professional Competition",https://www.worldphoto.org/team-profile/edgar-martins-portugal
"Guy Martin, United Kingdom",https://www.guy-martin.co.uk/,"2014 Sony World Photography Awards - Winner, Current Affairs, Professional Competition",https://www.worldphoto.org/team-profile/guy-martin-united-kingdom
"Frank Machalowski, Germany",https://www.machalowski.de/,"2021 Sony World Photography Awards - 2nd Place, Architecture & Design, Professional Competition",https://www.worldphoto.org/team-profile/frank-machalowski-germany
"Swee Oh, Malaysia",https://www.sweecoh.com/,"2016 Sony World Photography Awards - Category Winner, Arts & Culture, Open Competition",https://www.worldphoto.org/team-profile/swee-oh-malaysia
"Ludovic Maillard, France",https://ludovicmaillard.com/,"2014 Sony World Photography Awards - Winner, Architecture, Professional Competition",https://www.worldphoto.org/team-profile/ludovic-maillard-france
"Alice Cannara Malan, Italy",http://www.alicecannara.com/,"2017 Sony World Photography Awards - 3rd Place, Daily Life, Professional Competition",https://www.worldphoto.org/team-profile/alice-cannara-malan-italy
"Amit Madheshiya, India",https://twitter.com/amitmadheshiya,"2011 Sony World Photography Awards - Winner, Arts & Culture, Professional Competition",https://www.worldphoto.org/team-profile/amit-madheshiya-india
"Marijo Maduna, Croatia",https://www.facebook.com/mario.maduna1,"2021 Sony World Photography Awards - Category Winner, Motion, Open Competition",https://www.worldphoto.org/team-profile/marijo-maduna-croatia
"Lorenzo Maccotta, Italy",https://www.lorenzomaccotta.com/,"2017 Sony World Photography Awards - 3rd Place, Contemporary Issues, Professional Competition",https://www.worldphoto.org/team-profile/lorenzo-maccotta-italy
"Tracey Lund, United Kingdom",https://traceylundphotography.co.uk/,"2019 Sony World Photography Awards - Category Winner, Natural World & Wildlife, Open Competition",https://www.worldphoto.org/team-profile/tracey-lund-united-kingdom
"Andiyan Lutfi, Indonesia",https://500px.com/p/andiyanlutfi,2011 Sony World Photography Awards - Open Photographer of the Year,https://www.worldphoto.org/team-profile/andiyan-lutfi-indonesia
"Philipp Lohöfener, Germany",https://philipp-lohoefener.de/,"2010 Sony World Photography Awards - Winner, Architecture, Professional Competition ",https://www.worldphoto.org/team-profile/philipp-loh%C3%B6fener-germany
"Ángel López Soto, Spain",http://www.lopez-soto.com,"2020 Sony World Photography Awards - Winner, Sport, Professional Competition",https://www.worldphoto.org/team-profile/%C3%A1ngel-l%C3%B3pez-soto-spain
"Brais Lorenzo, Spain",https://braislorenzo.com/en/home/,"2021 Sony World Photography Awards - 2nd Place, Portfolio, Professional Competition",https://www.worldphoto.org/team-profile/brais-lorenzo-spain
"Luca Locatelli, Italy",https://lucalocatelli.pageflow.io/,"2020 Sony World Photography Awards - 3rd Place, Environment, Professional Competition",https://www.worldphoto.org/team-profile/luca-locatelli-italy
"Liz Loh-Taylor, Australia",https://lltphotography.com/,"2011 Sony World Photography Awards - Winner, Travel, Professional Competition",https://www.worldphoto.org/team-profile/liz-loh-taylor-australia
"Nikolai Linares, Denmark",https://linares.dk/,"2016 Sony World Photography Awards - Winner, Sport, Professional Competition",https://www.worldphoto.org/team-profile/nikolai-linares-denmark
"Wilson Lee, Hong Kong",http://www.leemaishun.com/,"2015 Sony World Photography Awards - Category Winner, Smile, Open Competition",https://www.worldphoto.org/team-profile/wilson-lee-hong-kong
"Oriol Llados, Spain",,2008 Sony World Photography Awards - Student Focus Winner,https://www.worldphoto.org/team-profile/oriol-llados-spain
"Megan Lee, United States",http://freedomspiritphotography.com/,2018 Sony World Photography Awards - Youth Photographer of the Year,https://www.worldphoto.org/team-profile/megan-lee-united-states
"Fredrik Lerneryd, Sweden",http://www.fredriklerneryd.com/,"2018 Sony World Photography Awards - Winner, Contemporary Issues, Professional Competition",https://www.worldphoto.org/team-profile/fredrik-lerneryd-sweden
"Christy Lee Rogers, United States",http://www.christyleerogers.com/,2019 Sony World Photography Awards - Open Photographer of the Year,https://www.worldphoto.org/team-profile/christy-lee-rogers-united-states
"Bernhard Lang, Germany",https://www.bernhardlang.de/,"2015 Sony World Photography Awards - Winner, Travel, Professional Competition",https://www.worldphoto.org/team-profile/bernhard-lang-germany
"Amelie Labourdette, France",http://www.amelie-labourdette.com/,"2016 Sony World Photography Awards - Winner, Architecture, Professional Competition",https://www.worldphoto.org/team-profile/amelie-labourdette-france
"Álvaro Laiz, Spain",http://www.alvarolaiz.com/,"2020 Sony World Photography Awards - 2nd Place, Environment, Professional Competition",https://www.worldphoto.org/team-profile/%C3%A1lvaro-laiz-spain
"Klaus Lenzen, Germany",https://www.klauslenzenphotographie.com/,"2021 Sony World Photography Awards - Category Winner, Architecture, Open Competition",https://www.worldphoto.org/team-profile/klaus-lenzen-germany
"Dolores Laboureau, Argentina",https://citizensoftomorrow.wtf/,"2021 Sony World Photography Awards - 3rd Place, Portfolio, Professional Competition",https://www.worldphoto.org/team-profile/dolores-laboureau-argentina
"Maroesjka Lavigne, Belgium",http://www.maroesjkalavigne.com,"2016 Sony World Photography Awards - Winner, Landscape, Professional Competition",https://www.worldphoto.org/team-profile/maroesjka-lavigne-belgium
"Jacek Kusz, Poland",http://jacekkusz.com/en/main-page/,"2012 Sony World Photography Awards - Winner, Nature & Wildlife, Professional Competition",https://www.worldphoto.org/team-profile/jacek-kusz-poland
"Pol Kurucz, France",http://www.polkurucz.com/,"2019 Sony World Photography Awards - 3rd Place, Creative, Professional Competition",https://www.worldphoto.org/team-profile/pol-kurucz-france
"Rachel Yee Laam Lai, Hong Kong",https://www.rlpls.com/,"2019 Sony World Photography Awards - Category Winner, Still Life, Open Competition",https://www.worldphoto.org/team-profile/rachel-yee-laam-lai-hong-kong
"Pranab Kumar, India",http://pranabkaich.com/,2009 Sony World Photography Awards - Student Focus Winner,https://www.worldphoto.org/team-profile/pranab-kumar-india
"Eduard Korniyenko, Russian Federation",https://eduardkorniyenko.com/,"2017 Sony World Photography Awards - 2nd Place, Sport, Professional Competition",https://www.worldphoto.org/team-profile/eduard-korniyenko-russian-federation
"Fajar Kristianto, Indonesia",https://www.instagram.com/fajarkris/,"2018 Sony World Photography Awards - Category Winner, Motion, Open Competition",https://www.worldphoto.org/team-profile/fajar-kristianto-indonesia
"Satoru Kondo, Japan",http://www.satorukondo.com/,"2013 Sony World Photography Awards - Winner, Nature & Wildlife, Professional Competition",https://www.worldphoto.org/team-profile/satoru-kondo-japan
"Sergei Kolyaskin, Russian Federation",http://skolyaskin.com/,2012 Sony World Photography Awards - Youth Photographer of the Year,https://www.worldphoto.org/team-profile/sergei-kolyaskin-russian-federation
"Patricia Kühfuss, Germany",https://patriciakuehfuss.com/,"2018 Sony World Photography Awards - 2nd Place, Creative, Professional Competition",https://www.worldphoto.org/team-profile/patricia-k%C3%BChfuss-germany
"Tamary Kudita, Zimbabwe",https://www.instagram.com/africatotheworldzw/,2021 Sony World Photography Awards - Open Photographer of the Year,https://www.worldphoto.org/team-profile/tamary-kudita-zimbabwe
"Chung Ming Ko, Hong Kong ",,"2020 Sony World Photography Awards - Winner, Documentary, Professional Competition",https://www.worldphoto.org/team-profile/chung-ming-ko-hong-kong
"Maria Kokunova, Russian Federation",https://www.mariakokunova.com/,"2020 Sony World Photography Awards - Winner, Discovery, Professional Competition",https://www.worldphoto.org/team-profile/maria-kokunova-russian-federation
"Asghar Khamseh, Iran",http://lensculture.com/asghar-khamseh,"2016 Sony World Photography Awards - Iris d'Or and Winner, Contemporary Issues, Professional Competition",https://www.worldphoto.org/team-profile/asghar-khamseh-iran
"Chang Kyun Kim, South Korea",http://www.changkimphotography.com/,"2020 Sony World Photography Awards - 3rd Place, Landscape, Professional Competition",https://www.worldphoto.org/team-profile/chang-kyun-kim-south-korea
"Shunta Kimura, Japan",https://kimphtos4551.myportfolio.com/,"2022 Sony World Photography Awards - Winner, Environment, Professional Competition",https://www.worldphoto.org/team-profile/shunta-kimura-japan
"Jens Juul, Denmark",http://jensjuul.com/,"2016 Sony World Photography Awards - 2nd Place, Sport, Professional Competition",https://www.worldphoto.org/team-profile/jens-juul-denmark
"Marco Kesseler, United Kingdom",https://marcokesseler.com/,"2019 Sony World Photography Awards - 2nd Place, Landscape, Professional Competition",https://www.worldphoto.org/team-profile/marco-kesseler-united-kingdom
"Gareth Iwan Jones, United Kingdom",https://www.garethiwanjones.com/,"2022 Sony World Photography Awards - 3rd Place, Landscape, Professional Competition",https://www.worldphoto.org/team-profile/gareth-iwan-jones-united-kingdom
"Neal Kartik, India",https://nealkartikfashion.carbonmade.com/,2009 Sony World Photography Awards - Student Focus Winner,https://www.worldphoto.org/team-profile/neal-kartik-india
"Long Jing, China Mainland",https://www.instagram.com/jinglongkunming/,Student Photographer of the Year 2023,https://www.worldphoto.org/team-profile/long-jing-china-mainland
"Lise Johansson, Denmark",http://lisejohansson.com/,"2017 Sony World Photography Awards - Winner, Enhanced, Open Competition",https://www.worldphoto.org/team-profile/lise-johansson-denmark
"Andrea and Magda, Italy and France",,"2016 Sony World Photography Awards - 2nd Place, Current Affairs, Professional Competition",https://www.worldphoto.org/team-profile/andrea-and-magda-italy-and-france
"Sofia Jern, Finland",https://www.instagram.com/jernsofia/,2016 Sony World Photography Awards - Student Focus Winner,https://www.worldphoto.org/team-profile/sofia-jern-finland
"Farzam Saleh, Iran, Islamic Republic Of",https://www.instagram.com/farzam.saleh/?hl=en,"2021 Sony World Photography Awards - 3rd Place, Sport, Professional Competition",https://www.worldphoto.org/team-profile/farzam-saleh-iran-islamic-republic
"Mohammad Madadi, Iran, Islamic Republic Of",https://www.instagram.com/mohamadmadadi/?hl=en,"2021 Sony World Photography Awards - 2nd Place, Environment, Professional Competition",https://www.worldphoto.org/team-profile/mohammad-madadi-iran-islamic-republic
"Hashem Shakeri, Iran, Islamic Republic Of",,"2020 Sony World Photography Awards - 2nd Place, Discovery, Professional Competition",https://www.worldphoto.org/team-profile/hashem-shakeri-iran-islamic-republic
"Florence Iff, Switzerland",https://www.florence-iff.ch/work,"2011 Sony World Photography Awards - Winner, Landscape, Professional Competition",https://www.worldphoto.org/team-profile/florence-iff-switzerland
"Dustin Humphrey, United States",https://www.readmeta.com/blog/all-or-nothing,"2009 Sony World Photography Awards - Winner, Advertising, Professional Competition",https://www.worldphoto.org/team-profile/dustin-humphrey-united-states
"Hsien-Pang Hsieh, Taiwan",https://www.instagram.com/therogerhsieh/,2020 Sony World Photography Awards - Youth Photographer of the Year,https://www.worldphoto.org/team-profile/hsien-pang-hsieh-taiwan
"Hector Muñoz Huerta, Mexico",https://superfocal.com/about,"2015 Sony World Photography Awards - Category Winner, Arts & Culture, Open Competition",https://www.worldphoto.org/team-profile/hector-mu%C3%B1oz-huerta-mexico
"Saleh Rozati, Iran, Republic of",http://art.rozati.com/,"2015 Sony World Photography Awards - Category Winner, People, Open Competition",https://www.worldphoto.org/team-profile/saleh-rozati-iran-republic
"Masahiro Hiroike, Japan",https://masahirohiroike.com/,"2020 Sony World Photography Awards - 2nd Place, Natural World & Wildlife, Professional Competition",https://www.worldphoto.org/team-profile/masahiro-hiroike-japan
"Barbaros Kayan, Turkey",,"2016 Sony World Photography Awards - 3rd Place, Conceptual, Professional Competition",https://www.worldphoto.org/team-profile/barbaros-kayan-turkey
"Rob Hornstra, Netherlands",https://robhornstra.com,"2012 Sony World Photography Awards - Winner, Arts & Culture, Professional Competition",https://www.worldphoto.org/team-profile/rob-hornstra-netherlands
"Sandra Hoyn, Germany",https://www.sandrahoyn.de/,"2017 Sony World Photography Awards - Winner, Daily Life, Professional Competition",https://www.worldphoto.org/team-profile/sandra-hoyn-germany
"Sandra Herber, Canada",https://www.sandraherber.com/,"2020 Sony World Photography Awards - Winner, Architecture, Professional Competition",https://www.worldphoto.org/team-profile/sandra-herber-canada
"Elena Helfrecht, Germany",https://elenahelfrecht.com/,"2020 Sony World Photography Awards - 2nd Place, Still Life, Professional Competition",https://www.worldphoto.org/team-profile/elena-helfrecht-germany
"Coenraad Heinz Torlage, South Africa",https://www.torlages.co.za/,2021 Sony World Photography Awards - Student Photographer of the Year,https://www.worldphoto.org/team-profile/coenraad-heinz-torlage-south-africa
"Majid Hojjati, Iran, Islamic Republic of",https://linktr.ee/majidhojatiartist,"2021 Sony World Photography Awards - Winner, Landscape, Professional Competition",https://www.worldphoto.org/team-profile/majid-hojjati-iran-islamic-republic
"Robin Hinsch, Germany",https://www.robinhinsch.com/,"2020 Sony World Photography Awards - Winner, Environment, Professional Competition",https://www.worldphoto.org/team-profile/robin-hinsch-germany
"Adam Hinton, United Kingdom",https://adamhinton.net/,"2011 Sony World Photography Awards - Winner, Campaign, Professional Competition",https://www.worldphoto.org/team-profile/adam-hinton-united-kingdom
"Jane Hilton, United Kingdom",https://janehilton.com/,"2021 Sony World Photography Awards - 3rd Place, Portraiture, Professional Competition",https://www.worldphoto.org/team-profile/jane-hilton-united-kingdom
"Roderik Henderson, Netherlands",https://www.roderikhenderson.info,"2009 Sony World Photography Awards - Winner, Portraiture, Professional Competition",https://www.worldphoto.org/team-profile/roderik-henderson-netherlands
"Adrian Guerin, Australia",https://adrianguerin.com/,"2020 Sony World Photography Awards - Category Winner, Travel, Open Competition",https://www.worldphoto.org/team-profile/adrian-guerin-australia
"Mustafa Hassona, Palestinian Territory",https://www.instagram.com/mustafapix/?hl=en,"2019 Sony World Photography Awards - 3rd Place, Documentary, Professional Competition",https://www.worldphoto.org/team-profile/mustafa-hassona-palestinian-territory
"Amanda Harman, United Kingdom",http://www.amandaharman.co.uk/,"2014 Sony World Photography Awards - Winner, Still Life Professional Competition",https://www.worldphoto.org/team-profile/amanda-harman-united-kingdom
"Guanghui Gu, China Mainland",,"2021 Sony World Photography Awards - 3rd Place, Architecture & Design, Professional Competition",https://www.worldphoto.org/team-profile/guanghui-gu-china-mainland
"David Handley, United Kingdom",https://www.davidhandley.photography/,"2010 Sony World Photography Awards - Winner, Fashion, Professional Competition",https://www.worldphoto.org/team-profile/david-handley-united-kingdom
"Wiebke Haas, Germany",https://www.wiebke-haas.de/welcome/,"2018 Sony World Photography Awards - 3rd Place, Natural World & Wildlife, Professional Competition",https://www.worldphoto.org/team-profile/wiebke-haas-germany
"Sarah Grethe, Germany",https://www.sarahgrethe.de/,"2022 Sony World Photography Awards - 3rd Place Creative, Professional Competition",https://www.worldphoto.org/team-profile/sarah-grethe-germany
"Mark Hamilton Gruchy, United Kingdom",http://www.markhamiltongruchy.com/,"2021 Sony World Photography Awards - Winner, Creative, Professional Competition",https://www.worldphoto.org/team-profile/mark-hamilton-gruchy-united-kingdom
"Wojciech Grzedzinski, Poland",https://www.wojciechgrzedzinski.pl/,"2009 Sony World Photography Awards - Winner, Current Affairs, Professional Competition",https://www.worldphoto.org/team-profile/wojciech-grzedzinski-poland
"Roei Greenberg, Israel",https://www.roeigreenbergphotography.com/,"2014 Sony World Photography Awards - Winner, Landscape, Professional Competition",https://www.worldphoto.org/team-profile/roei-greenberg-israel
"Balazs Gardi, Hungary",https://balazsgardi.com/,"2018 Sony World Photography Awards - Winner, Sport, Professional Competition",https://www.worldphoto.org/team-profile/balazs-gardi-hungary
"Sophie Gamand, France",https://www.sophiegamand.com/wet-dog,"2014 Sony World Photography Awards - Winner, Portraiture, Professional Competition",https://www.worldphoto.org/team-profile/sophie-gamand-france
"Alessandro Gandolfi, Italy",https://www.alessandrogandolfi.com/,"2022 Sony World Photography Awards - 3rd Place, Still Life, Professional Competition",https://www.worldphoto.org/team-profile/alessandro-gandolfi-italy
"Vito Fusco, Italy",https://www.vitofusco.com/,"Sony World Photography Awards 2021 - Winner, Documentary Projects, Professional Competition",https://www.worldphoto.org/team-profile/vito-fusco-italy
"Jean-Etienne Portail & Haruna Ogata, France & Japan",https://jean-etienne-portail.com/,"2022 Sony World Photography Awards - Winners, Still Life, Professional Competition",https://www.worldphoto.org/team-profile/jean-etienne-portail-haruna-ogata-france-japan
"Hal Gage, United States",https://www.halgage.com,"2019 Sony World Photography Awards - Category Winner, Landscape, Open Competition",https://www.worldphoto.org/team-profile/hal-gage-united-states
"Kevin Frayer, Canada",http://www.kevinfrayer.com/,"2016 Sony World Photography Awards - Winner, Environment, Professional Competition",https://www.worldphoto.org/team-profile/kevin-frayer-canada
"Angel Fitor, Spain",http://www.seaframes.com/,"2021 Sony World Photography Awards - 3rd Place, Wildlife & Nature, Professional Competition",https://www.worldphoto.org/team-profile/angel-fitor-spain
"Hugh Fox, United Kingdom",https://www.hughfox.co.uk/,"2022 Sony World Photography Awards - Winner, Portfolio, Professional Competition",https://www.worldphoto.org/team-profile/hugh-fox-united-kingdom
"Fabrice Fouillet, France",https://fabricefouillet.com/,"2013 Sony World Photography Awards - Winner, Architecture, Professional Competition",https://www.worldphoto.org/team-profile/fabrice-fouillet-france
"Corentin Fohlen, France",https://www.corentinfohlen.com/,"2018 Sony World Photography Awards - 3rd Place, Architecture, Professional Competition",https://www.worldphoto.org/team-profile/corentin-fohlen-france
"Rebecca Fertinel, Belgium",https://www.rebeccafertinel.com/,"2019 Sony World Photography Awards - Winner, Brief, Professional Competition",https://www.worldphoto.org/team-profile/rebecca-fertinel-belgium
"Peter Franck, Germany",https://www.peterfranck.de/,"2019 Sony World Photography Awards - 3rd Place, Architecture, Professional Competition",https://www.worldphoto.org/team-profile/peter-franck-germany
"Vincent Foong, Singapore",,2009 Sony World Photography Awards - Open Photographer of the Year,https://www.worldphoto.org/team-profile/vincent-foong-singapore
"Adam Ferguson, Australia",https://adamfergusonstudio.com/,"2022 Sony World Photography Awards - Photographer of the Year, Portraiture, Professional Competition",https://www.worldphoto.org/team-profile/adam-ferguson-australia
"Li Fan, China Mainland",https://weibo.com/fanseegallery,"2023 Sony World Photography Awards - Winner, Architecture & Design, Professional Competition",https://www.worldphoto.org/team-profile/li-fan-china-mainland
"Chen Fangbin, China Mainland",,"2020 Sony World Photography Awards - 3rd Place, Still Life, Professional Competition",https://www.worldphoto.org/team-profile/chen-fangbin-china-mainland
"Andrea Ferro, Italy",https://andreaferrophoto.com/landing/home/,"2021 Sony World Photography Awards - 2nd Place, Landscape, Professional Competition",https://www.worldphoto.org/team-profile/andrea-ferro-italy
"Piotr Fajfer, Poland",https://piotrfajfer.com/,"2009 Sony World Photography Awards - Winner, Fashion, Professional Competition",https://www.worldphoto.org/team-profile/piotr-fajfer-poland
"Scarlet Evans, United Kingdom",https://cargocollective.com/sevans,2014 Sony World Photography Awards - Student Focus Winner,https://www.worldphoto.org/team-profile/scarlet-evans-united-kingdom
"Aristide Economopoulos, United States",https://www.aristidephoto.com/,"2015 Sony World Photography Awards - Winner, Arts & Culture, Professional Competition",https://www.worldphoto.org/team-profile/aristide-economopoulos-united-states
"Craig Easton, United Kingdom",https://www.craigeaston.com/,"2021 Sony World Photography Awards - Photographer of the Year, Portraiture, Professional Competition",https://www.worldphoto.org/team-profile/craig-easton-united-kingdom
"Peter Eleveld, Netherlands",https://eleveld.net/blog/,"2021 Sony World Photography Awards - Winner, Still Life, Professional Competition",https://www.worldphoto.org/team-profile/peter-eleveld-netherlands
"Alecsandra Dragoi, Romania",https://www.alecsandraralucadragoi.com/,2013 Sony World Photography Awards - Youth Photographer of the Year,https://www.worldphoto.org/team-profile/alecsandra-dragoi-romania
"Mieke Douglas, Netherlands",https://www.miekedouglas.com/,"Winner, Object, Open competition 2023",https://www.worldphoto.org/team-profile/mieke-douglas-netherlands
"Kieran Dodds, United Kingdom",https://www.kierandodds.com/,"2019 Sony World Photography Awards - 3rd Place, Landscape, Professional Competition",https://www.worldphoto.org/team-profile/kieran-dodds-united-kingdom
"Victoria Ines Dobaño, Argentina",,2010 Sony World Photography Awards - Student Focus Winner,https://www.worldphoto.org/team-profile/victoria-ines-doba%C3%B1o-argentina
"Jasper Doest, Netherlands",https://www.jasperdoest.com/,"2019 Sony World Photography Awards - Winner, Natural World & Wildlife, Professional Competition",https://www.worldphoto.org/team-profile/jasper-doest-netherlands
"Nick Dolding, United Kingdom",,The Sony World Photography Awards closes in January - enter for free now! ,https://www.worldphoto.org/team-profile/nick-dolding-united-kingdom
"Mitch Dobrowner, United States  ",http://mitchdobrowner.com,"2018 Sony World Photography Awards - 2nd Place, Natural World & Wildlife, Professional Competition",https://www.worldphoto.org/team-profile/mitch-dobrowner-united-states
"Sam Delaware, United States",https://samdelaware.com/,2016 Sony World Photography Awards - Youth Photographer of the Year,https://www.worldphoto.org/team-profile/sam-delaware-united-states
"Salvatore Di Gregorio, Italy",https://www.salvatoredigregorio.com/,"2014 Sony World Photography Awards - Winner, Sport, Professional Competition",https://www.worldphoto.org/team-profile/salvatore-di-gregorio-italy
"César Dezfuli, Spain",http://www.cesardezfuli.com/,"2020 Sony World Photography Awards - Winner, Portraiture, Professional Competition",https://www.worldphoto.org/team-profile/c%C3%A9sar-dezfuli-spain
"Giulio Di Sturco, Italy",https://www.giuliodisturco.com/,"2009 Sony World Photography Awards - Winner, Contemporary, Professional Competition",https://www.worldphoto.org/team-profile/giulio-di-sturco-italy
"Camilo Diaz, Colombia",https://www.instagram.com/camilodiazphotography,"2017 Sony World Photography Awards - Winner, Motion, Open Competition",https://www.worldphoto.org/team-profile/camilo-diaz-colombia
"Thomas Deerinck, United States",https://www.sciencephoto.com/contributor/tde,"2008 Sony World Photography Awards - Winner, Science, Professional Competition",https://www.worldphoto.org/team-profile/thomas-deerinck-united-states
"Salvi Danés, Spain",https://salvidanes.com/,2008 Sony World Photography Awards - Student Focus Winner,https://www.worldphoto.org/team-profile/salvi-dan%C3%A9s-spain
"Michaela Šmídová, Czech Republic",https://500px.com/p/photomichaela?view=photos,"2016 Sony World Photography Awards - Category Winner, Nature & Wildlife, Open Competition",https://www.worldphoto.org/team-profile/michaela-%C5%A1m%C3%ADdov%C3%A1-czech-republic
"Giacomo d'Orlando, Italy",https://giacomodorlando.com/,"Sony World Photography Awards 2022 - 3rd Place, Environment, Professional Competition",https://www.worldphoto.org/team-profile/giacomo-dorlando-italy
"Hugh Kinsella Cunningham, United Kingdom",https://www.hughcunninghamphotography.com/,"2023 Sony World Photography Awards - Winner, Documentary Projects, Professional Competition",https://www.worldphoto.org/team-profile/hugh-kinsella-cunningham-united-kingdom
"Anita Cruz-Eberhard, United States",https://www.cruzeberhard.com/,"2008 Sony World Photography Awards - Winner, Abstract, Professional Competition",https://www.worldphoto.org/team-profile/anita-cruz-eberhard-united-states
"Livia Corona Benjamin, United States",https://liviacorona.com/,"2008 Sony World Photography Awards - Winner, Architecture, Professional Competition",https://www.worldphoto.org/team-profile/livia-corona-benjamin-united-states
"Alec Connah, United Kingdom",http://www.alecconnahphotos.co.uk,"2020 Sony World Photography Awards - Category Winner, Motion, Open Competition",https://www.worldphoto.org/team-profile/alec-connah-united-kingdom
"Simone Corallini, Italy",https://simonecorallini.com/,"2022 Sony World Photography Awards - Category Winner, Portraiture, Open Competition",https://www.worldphoto.org/team-profile/simone-corallini-italy
"Vanessa Colareta, Peru",https://www.instagram.com/vanessa_colareta/,"2013 Sony World Photography Awards - Winner, Still Life, Professional Competition",https://www.worldphoto.org/team-profile/vanessa-colareta-peru
"Jianguo Gong, China Mainland",,"2017 Sony World Photography Awards - Winner, Culture, Open Competition",https://www.worldphoto.org/team-profile/jianguo-gong-china-mainland
"Suxing Zhang, China Mainland",https://suxingzhang.com/,"2020 Sony World Photography Awards - Category Winner, Culture, Open Competition",https://www.worldphoto.org/team-profile/suxing-zhang-china-mainland
"Ren Shi Chen, China Mainland",,"2017 Sony World Photography Awards - 3rd Place, Portraiture, Professional Competition",https://www.worldphoto.org/team-profile/ren-shi-chen-china-mainland
"Chen Yun Chi, Taiwan",https://chenyunchi.com/,"2022 Sony World Photography Awards - 3rd Place, Architecture & Design, Professional Competition",https://www.worldphoto.org/team-profile/chen-yun-chi-taiwan
"Julien Chatelin, France",https://julienchatelin.com/,"2018 Sony World Photography Awards - 2nd Place, Architecture, Professional Competition",https://www.worldphoto.org/team-profile/julien-chatelin-france
"Alejandro Chaskielberg, Argentina ",http://chaskielberg.com,"2011 Sony World Photography Awards - Iris d'Or and Winner, People, Professional Competition ",https://www.worldphoto.org/team-profile/alejandro-chaskielberg-argentina
"Pan Jianhua, China Mainland",,"2019 Sony World Photography Awards - Category Winner, Culture, Open Competition",https://www.worldphoto.org/team-profile/pan-jianhua-china-mainland
"David Chancellor, United Kingdom",https://www.davidchancellor.com/,"2016 Sony World Photography Awards - 2nd Place, Campaign, Professional Competition",https://www.worldphoto.org/team-profile/david-chancellor-united-kingdom
"Anthony Chan, Hong Kong",http://hongkongshadowlight.com,"2022 Sony World Photography Awards - Category Winner, Architecture, Open Competition",https://www.worldphoto.org/team-profile/anthony-chan-hong-kong
"Chaiyot Chanyam, Thailand",,"2016 Sony World Photography Awards - Category Winner, Split Second, Open Competition",https://www.worldphoto.org/team-profile/chaiyot-chanyam-thailand
"Sabine Cattaneo, Switzerland",https://www.blukaet.com/,"2017 Sony World Photography Awards - Winner, Conceptual, Professional Competition",https://www.worldphoto.org/team-profile/sabine-cattaneo-switzerland
"Turi (Salvatore) Calafato, Italy",http://www.turicalafato.com/tc/,2015 Sony World Photography Awards - Mobile Phone Award Winner,https://www.worldphoto.org/team-profile/turi-salvatore-calafato-italy
"Fabrizio Cestari, Italy",http://www.fabriziocestari.co.uk/,"2008 Sony World Photography Awards - Winner, Advertising, Professional Competition",https://www.worldphoto.org/team-profile/fabrizio-cestari-italy
"Eduardo Castaldo, Italy",https://www.eduardocastaldo.com/,"2018 Sony World Photography Awards - 3rd Place, Creative, Professional Competition",https://www.worldphoto.org/team-profile/eduardo-castaldo-italy
"Frederik Buyckx, Belgium",https://www.frederikbuyckx.com/,"2017 Sony World Photography Awards - Photographer of the Year and Winner, Landscape, Professional Competition",https://www.worldphoto.org/team-profile/frederik-buyckx-belgium
"Luigi Bussolati, Italy",https://www.luigibussolati.com/,"2021 Sony World Photography Awards - 2nd Place, Creative, Professional Competition",https://www.worldphoto.org/team-profile/luigi-bussolati-italy
"Alice Caputo, Italy",https://www.itacaedizioni.it/catalogo/se-anche-la-terra-trema/,"2013 Sony World Photography Awards - Winner, Lifestyle, Professional Competition",https://www.worldphoto.org/team-profile/alice-caputo-italy
"Will Burrard-Lucas, United Kingdom",https://willbl.com/,"2017 Sony World Photography Awards - Winner, Natural World, Professional Competition",https://www.worldphoto.org/team-profile/will-burrard-lucas-united-kingdom
"Cosmin Bumbut, Romania",http://www.bumbutz.ro/photo/journal/journal.html,"2015 Sony World Photography Awards - Winner, Architecture, Professional Competition",https://www.worldphoto.org/team-profile/cosmin-bumbut-romania
"Domagoj Burilović, Croatia",https://domagojburilovic.wixsite.com/portfolio,"2022 Sony World Photography Awards - Winner, Architecture & Design, Professional Competition",https://www.worldphoto.org/team-profile/domagoj-burilovi%C4%87-croatia
"Andrew Burton, United States",https://www.patagonia.com/stories/newtok/video-116909.html,"2016 Sony World Photography Awards - 3rd Place, Current Affairs, Professional Competition",https://www.worldphoto.org/team-profile/andrew-burton-united-states
"Thomas Brummett, United States",https://www.studio-4a.com/,"2014 Sony World Photography Awards - Winner, Conceptual, Professional Competition",https://www.worldphoto.org/team-profile/thomas-brummett-united-states
"Giacomo Brunelli, Italy",https://www.giacomobrunelli.com/,"2008 Sony World Photography Awards - Winner, Nature, Professional Competition",https://www.worldphoto.org/team-profile/giacomo-brunelli-italy
"Nicolas Boyer, France",,"2019 Sony World Photography Awards - Category Winner, Travel, Open Competition",https://www.worldphoto.org/team-profile/nicolas-boyer-france
"Martin Brent, United Kingdom",https://www.martinbrent.com/overview/,"2010 Sony World Photography Awards - Winner, Advertising, Professional Competition",https://www.worldphoto.org/team-profile/martin-brent-united-kingdom
"Natalie Bothur, Germany",https://www.nataliebothur.de/,"2008 Sony World Photography Awards - Winner, Nude, Professional Competition",https://www.worldphoto.org/team-profile/natalie-bothur-germany
"Tobias Bräuning, Germany",http://www.t-braeuning.de/,2012 Sony World Photography Awards - Open Photographer of the Year,https://www.worldphoto.org/team-profile/tobias-br%C3%A4uning-germany
"Marcello Bonfanti, Italy",http://www.marcelbon.com/,"2016 Sony World Photography Awards - Winner, Portraiture, Professional Competition",https://www.worldphoto.org/team-profile/marcello-bonfanti-italy
"Federico Borella, Italy",https://www.federicoborella.com/,"2022 Sony World Photography Awards - 2nd Place, Wildlife & Nature, Professional Competition",https://www.worldphoto.org/team-profile/federico-borella-italy
"Riccardo Bononi, Italy",https://www.riccardobononi.com/,"2015 Sony World Photography Awards - Winner, Sport, Professional Competition",https://www.worldphoto.org/team-profile/riccardo-bononi-italy
"Ezra Bohm, The Netherlands",https://www.ezrabohm.com/,2022 Sony World Photography Awards - Student Photographer of the Year,https://www.worldphoto.org/team-profile/ezra-bohm-netherlands
"Samuel Bolduc, Canada",https://www.instagram.com/bolducs.jpg/,2018 Sony World Photography Awards - Student Focus Winner,https://www.worldphoto.org/team-profile/samuel-bolduc-canada
"Valerio Bispuri, Italy",http://www.valeriobispuri.com/vb16/,"2013 Sony World Photography Awards - Winner, Contemporary Issues, Professional Competition",https://www.worldphoto.org/team-profile/valerio-bispuri-italy
"Tommaso Bonaventura, Italy",https://www.tommasobonaventura.net/,"2010 Sony World Photography Awards - Winner, Portraiture, Professional Competition",https://www.worldphoto.org/team-profile/tommaso-bonaventura-italy
"Svetlana Blagodareva, Russian Federation",https://www.behance.net/blagodareva,2015 Sony World Photography Awards - Student Focus Winner,https://www.worldphoto.org/team-profile/svetlana-blagodareva-russian-federation
"Didier Bizet, France",https://www.didierbizet.com/,"2020 Sony World Photography Awards - 2nd Place, Documentary, Professional Competition",https://www.worldphoto.org/team-profile/didier-bizet-france
"Karina Bikbulatova, Russian Federation",https://www.instagram.com/bikbulatova.art/?hl=en,"2019 Sony World Photography Awards - 3rd Place, Discovery, Professional Competition",https://www.worldphoto.org/team-profile/karina-bikbulatova-russian-federation
"Kasia Bielska, Poland",http://kasiabielska.com/,"2012 Sony World Photography Awards - Winner, Contemporary Issues, Professional Competition",https://www.worldphoto.org/team-profile/kasia-bielska-poland
"Ronny Behnert, Germany",https://www.bewegungsunschaerfe.de/,"2020 Sony World Photography Awards - Winner, Landscape, Professional Competition",https://www.worldphoto.org/team-profile/ronny-behnert-germany
"Alejandro Beltran, Venzuela",https://www.instagram.com/blancodeorilla/,"2016 Sony World Photography Awards - 2nd Place, Conceptual, Professional Competition",https://www.worldphoto.org/team-profile/alejandro-beltran-venzuela
"Pubarun Basu, India",https://linktr.ee/pubarun.basu,2021 Sony World Photography Awards - Youth Photographer of the Year,https://www.worldphoto.org/team-profile/pubarun-basu-india
"Oana Baković, Romania",https://www.mrv23.photography/,"2022 Sony World Photography Awards - 3rd Place, Wildlife & Nature, Professional Competition",https://www.worldphoto.org/team-profile/oana-bakovi%C4%87-romania
"Lucas Barioulet, France",https://www.lucasbarioulet.com/,"2020 Sony World Photography Awards - 2nd Place, Sport, Professional Competition",https://www.worldphoto.org/team-profile/lucas-barioulet-france
"Mikkel Beiter, Denmark",https://www.beiter.dk/,"2018 Sony World Photography Awards - Category Winner, Travel, Open Competition",https://www.worldphoto.org/team-profile/mikkel-beiter-denmark
"Nicolas Gaspardel & Pauline Baert, France",https://www.beurkmagazine.com/,"2019 Sony World Photography Awards - Winner, Still Life, Professional Competition",https://www.worldphoto.org/team-profile/nicolas-gaspardel-pauline-baert-france
"Tamany Baker, United Kingdom",http://tamanybaker.co.uk,"2009 Sony World Photography Awards - Winner, Conceptual & Constructed, Professional Competition",https://www.worldphoto.org/team-profile/tamany-baker-united-kingdom
"Scott Barbour, New Zealand",https://scottbarbourphoto.com/,"2010 Sony World Photography Awards - Winner, Sport, Professional Competition",https://www.worldphoto.org/team-profile/scott-barbour-new-zealand
"Tommaso Ausili, Italy ",https://www.tommasoausili.com/,"2010 Sony World Photography Awards - Iris d'Or and Winner, Contemporary Issues, Professional Competition",https://www.worldphoto.org/team-profile/tommaso-ausili-italy
"Manuel Armenis, Germany",https://www.manuelarmenis.com/,"2018 Sony World Photography Awards - Category Winner, Street Photography, Open Competition",https://www.worldphoto.org/team-profile/manuel-armenis-germany
"Veselin Atanasov, Bulgaria",https://photoimaginart.com/profile/veselin-atanasov/prints-for-sale,2018 Sony World Photography Awards - Open Photographer of the Year,https://www.worldphoto.org/team-profile/veselin-atanasov-bulgaria
"Walter Astrada, Argentina",http://walterastrada.com,"2010 Sony World Photography Awards - Winner, Current Affairs, Professional Competition",https://www.worldphoto.org/team-profile/walter-astrada-argentina
"Christoffer Askman, Denmark",https://askman.dk/,"2017 Sony World Photography Awards - 3rd Place, Still Life, Professional Competition",https://www.worldphoto.org/team-profile/christoffer-askman-denmark
"Christian Åslund, Sweden",http://www.christian.se/,"2013 Sony World Photography Awards - Winner, Campaign, Professional Competition",https://www.worldphoto.org/team-profile/christian-%C3%A5slund-sweden
"Javier Arcenillas, Spain",https://javierarcenillas.com/,"2022 Sony World Photography Awards - 2nd Place, Architecture & Design, Professional Competition",https://www.worldphoto.org/team-profile/javier-arcenillas-spain
"Alexander Anufriev, Russian Federation",https://www.instagram.com/aanufriev/?hl=en,"2017 Sony World Photography Awards - 2nd Place, Conceptual, Professional Competition",https://www.worldphoto.org/team-profile/alexander-anufriev-russian-federation
"Armin Appel, Germany",https://www.arminappel.de/,2015 Sony World Photography Awards - Open Photographer of the Year,https://www.worldphoto.org/team-profile/armin-appel-germany
"Julian Anderson, United Kingdom",http://www.juliananderson.co.uk/,"2022 Sony World Photography Awards - 2nd Place, Portfolio, Professional Competition",https://www.worldphoto.org/team-profile/julian-anderson-united-kingdom
"Vicente Ansola, Spain",https://www.facebook.com/vicente.ansolatrueba,"2022 Sony World Photography Awards - Category Winner, Landscape, Open Competition",https://www.worldphoto.org/team-profile/vicente-ansola-spain
"Anas Alkharboutli, Syrian Arab Republic",https://twitter.com/anas_kharboutli,"2021 Sony World Photography Awards - Winner, Sport, Professional Competition",https://www.worldphoto.org/team-profile/anas-alkharboutli-syrian-arab-republic
"Francesco Amorosino, Italy",https://www.francescoamorosino.com/,"2016 Sony World Photography Awards - Winner, Still Life, Professional Competition",https://www.worldphoto.org/team-profile/francesco-amorosino-italy
"Tasneem Alsultan, Saudi Arabia",http://www.tasneemalsultan.com/,"2017 Sony World Photography Awards - Winner, Contemporary Issues, Professional Competition",https://www.worldphoto.org/team-profile/tasneem-alsultan-saudi-arabia
"Pablo Albarenga, Uruguay",https://pabloalbarenga.com/,"2020 Sony World Photography Awards - Photographer of the Year, Creative, Professional Competition",https://www.worldphoto.org/team-profile/pablo-albarenga-uruguay
"Alberto Alicata, Italy",https://www.albertoalicata.com/,"2016 Sony World Photography Awards - Winner, Staged, Professional Competition",https://www.worldphoto.org/team-profile/alberto-alicata-italy
"Utsab Ahamed Akash, Bangladesh",https://www.instagram.com/utsabakash/,"2022 Sony World Photography Awards - Category Winner, Lifestyle, Open Competition",https://www.worldphoto.org/team-profile/utsab-ahamed-akash-bangladesh
"David Airob, Spain",http://www.davidairob.com,"2012 Sony World Photography Awards - Winner, Architecture, Professional Competition",https://www.worldphoto.org/team-profile/david-airob-spain
"Valeska Achenbach, Germany",https://www.valeska-achenbach.com/,"2008 Sony World Photography Awards - Winner, Fashion, Professional Competition",https://www.worldphoto.org/team-profile/valeska-achenbach-germany
"Henry Agudelo, Colombia",https://www.institutohenryagudelo.com/,"2018 Sony World Photography Awards - 2nd Place, Current Affairs, Professional Competition",https://www.worldphoto.org/team-profile/henry-agudelo-colombia
